"Timestamp","Please rank each statement in order of importance to YOU (1 - strongly disagree, 5 - strongly agree) [The top must be aesthetically pleasing.]","Please rank each statement in order of importance to YOU (1 - strongly disagree, 5 - strongly agree) [The top must have a cool/unique design.]","Please rank each statement in order of importance to YOU (1 - strongly disagree, 5 - strongly agree) [The top must spin for a considerable time.]","Please rank each statement in order of importance to YOU (1 - strongly disagree, 5 - strongly agree) [The top must spin fast.]","Please rank each statement in order of importance to YOU (1 - strongly disagree, 5 - strongly agree) [The top should be durable and not break easily.]","Please rank each statement in order of importance to YOU (1 - strongly disagree, 5 - strongly agree) [The top should be a reasonable size.]","Please rank each statement in order of importance to YOU (1 - strongly disagree, 5 - strongly agree) [The top should require minimal assembly.]","Please rank each statement in order of importance to YOU (1 - strongly disagree, 5 - strongly agree) [The top should be affordable. ]","Design 1 ","Design 2","Design 3","Please include any additional comments/requirement that would you would like to see in this product."
"2020/05/06 4:09:34 AM GMT","5","4","5","5","5","4","3","5","5","2","2",""
"2020/05/06 4:10:31 AM GMT","5","5","5","5","5","5","5","5","1","1","0",""
"2020/05/06 4:11:46 AM GMT","5","5","2","2","5","4","4","5","5","3","5",""
"2020/05/06 4:12:24 AM GMT","5","4","4","2","5","4","5","5","2","5","4",""
"2020/05/06 4:12:43 AM GMT","4","1","5","2","5","4","2","3","5","2","3",""
"2020/05/06 4:12:46 AM GMT","4","4","3","3","5","5","4","5","0","0","3",""
"2020/05/06 4:13:03 AM GMT","4","5","3","5","5","3","5","4","3","5","4",""
"2020/05/06 4:16:31 AM GMT","5","5","4","4","3","3","4","5","4","3","5",""
"2020/05/06 4:16:39 AM GMT","5","4","3","3","4","4","2","4","5","4","4",""
"2020/05/06 4:17:17 AM GMT","1","2","5","3","5","3","1","4","5","3","5",""
"2020/05/06 4:18:36 AM GMT","4","5","5","3","2","3","5","1","4","2","4",""
"2020/05/06 4:19:16 AM GMT","3","4","5","4","4","2","2","4","5","2","3",""
"2020/05/06 4:21:16 AM GMT","5","5","4","4","3","3","4","4","4","2","0",""
"2020/05/06 4:21:20 AM GMT","5","3","5","5","4","5","5","5","5","4","5",""
"2020/05/06 4:45:54 AM GMT","3","4","3","2","4","3","4","4","2","4","1","How will these designed be fastened cheaply and easily to the spinning point of the top? What about center of gravity to consider motion?"
"2020/05/06 4:46:06 AM GMT","5","4","4","4","4","3","5","4","3","2","2","These dont look like they would spin? I was expecting a dreidel like top?"
"2020/05/06 4:46:32 AM GMT","5","4","4","4","4","3","3","3","3","4","5",""
"2020/05/06 4:51:00 AM GMT","5","4","5","4","5","4","2","4","4","4","3",""
"2020/05/06 4:52:59 AM GMT","5","4","4","3","5","4","3","4","4","3","4",""
"2020/05/06 5:05:41 AM GMT","4","5","2","1","4","3","2","3","4","3","5",""
"2020/05/06 5:38:15 AM GMT","5","5","5","3","5","3","3","2","5","3","3",""
"2020/05/06 7:40:21 AM GMT","4","5","3","5","5","3","5","4","3","5","4",""
"2020/05/06 12:40:02 PM GMT","5","5","5","3","3","2","5","4","4","2","2",""
"2020/05/06 12:56:50 PM GMT","3","3","5","4","4","4","4","5","3","2","3",""
"2020/05/06 3:10:21 PM GMT","5","5","5","4","3","2","4","5","4","3","0",""
"2020/05/06 3:15:29 PM GMT","4","4","4","4","4","4","3","4","4","4","5",""
"2020/05/06 4:08:30 PM GMT","4","3","3","2","2","2","3","2","5","3","2",""
"2020/05/06 4:38:52 PM GMT","5","5","3","3","4","3","5","5","4","3","5","Colorful would be nice"
"2020/05/06 4:42:38 PM GMT","5","4","3","2","3","1","4","2","3","2","4",""
"2020/05/06 4:43:04 PM GMT","5","4","5","4","5","3","5","5","5","3","3","Am i missing something bc I don't understand how the designs listed are spinning tops?? the first 2 remind me of beyblade arenas lmao. Am I assuming that these designs are going to sit on top of what would otherwise be a regular spinning top? "
"2020/05/06 5:20:16 PM GMT","5","5","5","3","5","5","5","5","3","2","4","are these designs supposed to be on the top?"
"2020/05/06 5:24:31 PM GMT","5","5","2","2","5","4","5","5","2","4","5",""
"2020/05/06 5:46:36 PM GMT","5","4","5","3","3","3","4","4","2","4","5",""
"2020/05/06 6:03:16 PM GMT","5","5","4","3","5","2","4","5","4","5","3",""
"2020/05/06 7:22:57 PM GMT","5","2","5","5","2","1","5","1","4","4","5",""
"2020/05/06 8:15:09 PM GMT","4","4","2","2","3","3","4","4","4","3","4",""